<eml:eml xmlns:eml="eml://ecoinformatics.org/eml-2.1.1"
         xmlns:dc="http://purl.org/dc/terms/"
         xmlns:xsi="http://www.w3.org/2001/XMLSchema-instance"
         xsi:schemaLocation="eml://ecoinformatics.org/eml-2.1.1 http://rs.gbif.org/schema/eml-gbif-profile/1.1/eml.xsd"
         packageId="https://ipt.iobis.org/indobis/resource?id=nio_goa_archived_data/v1.5" system="http://gbif.org" scope="system"
         xml:lang="eng">

<dataset>
  <alternateIdentifier>https://ipt.iobis.org/indobis/resource?r=nio_goa_archived_data</alternateIdentifier>
  <title xml:lang="eng">Biological Collection, National Institute of Oceanography, Goa, India</title>
      <creator>
    <individualName>
      <surName>Achuthankutty</surName>
    </individualName>
    <organizationName>CSIR-National Institute of Oceanography, Goa</organizationName>
    <address>
        <administrativeArea>Goa</administrativeArea>
        <country>IN</country>
    </address>
    <electronicMailAddress>achu@darya.nio.org</electronicMailAddress>
      </creator>
      <creator>
    <individualName>
      <surName>Achuthankutty</surName>
    </individualName>
    <organizationName>CSIR-National Institute of Oceanography, Goa</organizationName>
    <address>
        <administrativeArea>Goa</administrativeArea>
        <country>IN</country>
    </address>
    <electronicMailAddress>achu@darya.nio.org</electronicMailAddress>
      </creator>
      <metadataProvider>
    <individualName>
        <givenName>Saravanane</givenName>
      <surName>Narayanane</surName>
    </individualName>
    <organizationName>Centre for Marine Living Resources &amp; Ecology</organizationName>
    <positionName>Scientist</positionName>
    <address>
        <city>Kochi</city>
        <administrativeArea>Kerala</administrativeArea>
        <country>IN</country>
    </address>
    <electronicMailAddress>n_saravanane@yahoo.com</electronicMailAddress>
      </metadataProvider>
      <associatedParty>
    <individualName>
        <givenName>Johnny</givenName>
      <surName>Konjarla</surName>
    </individualName>
    <organizationName>Centre for Marine Living Resources &amp; Ecology</organizationName>
    <positionName>Project Scientist</positionName>
    <address>
        <city>Kochi</city>
        <administrativeArea>Kerala</administrativeArea>
        <country>IN</country>
    </address>
    <electronicMailAddress>johnny.konjarla@gmail.com</electronicMailAddress>
    <role>processor</role>
      </associatedParty>
  <pubDate>
      2022-12-14
  </pubDate>
  <language>eng</language>
  <abstract>
    <para>The National Institute of Oceanography (NIO), Goa, India is a premier oceanographic research institution in India. It has a strong biological oceanography division which maintains the biological museum at its headquarter in Goa. The NIO COLLECTION is the digitized repository of this museum. Currently 308 specimens have been digitized, which is an ongoing process.</para>
  </abstract>
      <keywordSet>
            <keyword>Occurrence</keyword>
        <keywordThesaurus>GBIF Dataset Type Vocabulary: http://rs.gbif.org/vocabulary/gbif/dataset_type.xml</keywordThesaurus>
      </keywordSet>
      <keywordSet>
            <keyword>Occurrence</keyword>
        <keywordThesaurus>GBIF Dataset Type Vocabulary: http://rs.gbif.org/vocabulary/gbif/dataset_type_2015-07-10.xml</keywordThesaurus>
      </keywordSet>
  <additionalInfo>
    <para>marine, harvested by iOBIS</para>
  </additionalInfo>
  <intellectualRights>
    <para>To the extent possible under law, the publisher has waived all rights to these data and has dedicated them to the <ulink url="http://creativecommons.org/publicdomain/zero/1.0/legalcode"><citetitle>Public Domain (CC0 1.0)</citetitle></ulink>. Users may copy, modify, distribute and use the work, including for commercial purposes, without restriction.</para>
  </intellectualRights>
  <distribution scope="document">
    <online>
      <url function="information">http://ipt.obis.org/nonode/resource?r=niocollection</url>
    </online>
  </distribution>
  <maintenance>
    <description>
      <para></para>
    </description>
    <maintenanceUpdateFrequency>unkown</maintenanceUpdateFrequency>
  </maintenance>

      <contact>
    <individualName>
      <surName>Achuthankutty</surName>
    </individualName>
    <organizationName>CSIR-National Institute of Oceanography, Goa</organizationName>
    <address>
        <administrativeArea>Goa</administrativeArea>
        <country>IN</country>
    </address>
    <electronicMailAddress>achu@darya.nio.org</electronicMailAddress>
      </contact>
</dataset>
  <additionalMetadata>
    <metadata>
      <gbif>
          <dateStamp>2018-10-10T09:17:40.000+02:00</dateStamp>
          <hierarchyLevel>dataset</hierarchyLevel>
            <citation>Indian Ocean Biodiversity Information System (IndOBIS) - Biological Collections, National Institute of Oceanography, Goa, India.</citation>
            <physical>
              <objectName>Online dataset</objectName>
              <characterEncoding>UTF-8</characterEncoding>
              <dataFormat>
                <externallyDefinedFormat>
                  <formatName>HTML</formatName>
                </externallyDefinedFormat>
              </dataFormat>
              <distribution>
                <online>
                  <url function="download">http://iobis.org/explore/#/dataset/156</url>
                </online>
              </distribution>
            </physical>
            <physical>
              <objectName>Metadata</objectName>
              <characterEncoding>UTF-8</characterEncoding>
              <dataFormat>
                <externallyDefinedFormat>
                  <formatName>HTML</formatName>
                </externallyDefinedFormat>
              </dataFormat>
              <distribution>
                <online>
                  <url function="download">http://www.vliz.be/imis/iobis/imis.php?module=dataset&amp;dasid=3984</url>
                </online>
              </distribution>
            </physical>
          <dc:replaces>https://ipt.iobis.org/indobis/resource?id=nio_goa_archived_data/v1.5.xml</dc:replaces>
      </gbif>
    </metadata>
  </additionalMetadata>
</eml:eml>
